{
	"class_name" : "PinholeCameraParameters",
	"extrinsic" : 
	[
		-0.0081724917777103324,
		-0.99886846028593279,
		0.04685092767654906,
		0.0,
		-0.99852357263098246,
		0.010667884346158538,
		0.053262286318146605,
		0.0,
		-0.053701818203879266,
		-0.046346470087666437,
		-0.99748088675022273,
		0.0,
		-2.3071356767232074,
		10.708940655952544,
		28.556601767353207,
		1.0
	],
	"intrinsic" : 
	{
		"height" : 1018,
		"intrinsic_matrix" : 
		[
			977.7799026283235,
			0.0,
			0.0,
			0.0,
			977.7799026283235,
			0.0,
			654.0,
			508.5,
			1.0
		],
		"width" : 1309
	},
	"version_major" : 1,
	"version_minor" : 0
}